x,y,z,a,poly count,frane rate,state changes,texture changes,msg
-743.611023,41.461002,91.598587,-4.229527,9,0,0,0,
-750.166809,39.742973,-57.860733,-1.826480,8,0,0,0,
-750.048035,32.776009,-171.969025,28.627989,10,0,0,0,
-709.249023,24.699999,-174.555893,89.398003,12,0,0,0,
-656.718018,19.942997,-82.549995,175.168015,17,0,0,0,
-651.227966,19.858994,36.965992,-178.393494,11,0,0,0,
-651.349976,38.630005,159.009995,180.009995,13,0,0,0,
-744.128113,38.583996,275.865021,-54.920002,11,0,0,0,
-740.591614,50.381004,159.666611,-1.529361,8,0,0,0,
