rulename,prop1,prop2,prop3,prop4,prop5,prop6,prop7,prop8,,,,,,,,,,,
n01left,streetlightb,callbox
n01right,streetlight,callbox
n02left,streetlightb,busstop
n02right,streetlight
n03left,streetlightb
n03right,streetlight
n04left,streetlight03b,parkbench
n04right,streetlight03,trashcan,streetree
n05left,streetree,nopark
n05right,streetlight04
n06left,streetlightb,trashcan,phone,busstop,telepole
n06right,streetlight,meter,trashcan,busstop,newsboxs
n07left,streetlightb,meter,busstop,phone
n07right,streetlight,meter,busstop,streetree
n08left,streetlightb,trashcan,meter,busstop
n08right,streetlight,trashcan,meter,busstop
n09left,streetlightb,trashcan,mailbox
n09right,streetlight,newsboxs,streetree
n10left,streetlight05b,trashcan,newsboxs,busstop
n10right,streetlight05,trashcan,ltree
n11left,streetlightb,meter,trashcan,busstop
n11right,streetlight,meter,busstop
n12left,streetlightb,trashcan02,nopark
n12right,streetlight,trashcan,parkbench,streetree
n13left,streetlight03b,trashcan02,newsboxs
n13right,streetlight03,streetree,mailbox
n14left,streetlight04b,trashcan02,streetree
n14right,streetlight04
n15left,streetlight,trashcan02,streetree
n15right,streetlightb,busstop
n16left,streetlightb,trashcan
n16right,streetlight,meter,phone
n17left,streetlight02b,streetree,nopark
n17right,streetlight02,trashcan02,trashcan
n18left,streetlight04b,streetree
n18right,streetlight04,trashcan02,trashcan
n19left,streetlight06b,streetree
n19right,streetlight06,trashcan
n20left,streetlight04,mailbox,nopark
n20right,streetlight04b,trashcan02


